,prediction,gt
0,U,U
1,JA,LA
2,PANGWISAD,PANEULEUNG
3,RA,PANELENG
4,KA,KA
5,KA,KA
6,nma,GA
7,PANYUKU,PANYUKU
8,PANEULEUNG,PANGHULU
9,PANOLONG,PANOLONG
10,BA,NYA
11,PANEULEUNG,PANELENG
12,PA,PA
13,DA,DA
14,U,U
15,PANGLAYAR,PANGWISAD
16,MA,mpa
17,PANOLONG,PANOLONG
18,DA,JA
19,K,KA
20,GA,NGA
21,N,NDA
22,GA,PA
23,NGA,LA
24,YA,TA
25,PANYECEK,PANYUKU
26,BA,BA
27,RA,RA
28,NGA,WA
29,MA,PAMAEH
30,TA,NYA
31,HA,HA
32,PA,PAMEPET
33,NGA,TA
34,KOMA,PANGWISAD
35,MA,MA
36,PANGWISAD,PA
37,KA,SA
38,PANYECEK,PAMEPET
39,PRA,CA
40,RWA,I
41,RA,RA
42,PANOLONG,PANOLONG
43,WA,WA
44,PANEULEUNG,PANEULEUNG
45,PAMAEH,PANOLONG
46,PANYUKU,PANGHULU
47,BA,LA
48,MA,CA
49,PANYECEK,PANYUKU
50,MA,MA
51,TA,TA
52,PANELENG,PANGLAYAR
53,HA,HA
54,PANELENG,PAMAEH
55,DA,JA
56,PANGHULU,PANEULEUNG
57,LE,PAMAEH
58,PANEULEUNG,PANEULEUNG
59,PAMAEH,PAMAEH
60,PAMAEH,PAMAEH
61,KOMA,KOMA
62,HA,HA
63,PANYUKU,PANYUKU
64,TA,TA
65,PANYECEK,PANYUKU
66,HA,HA
67,BA,LA
68,DA,DA
69,PANYECEK,PANYECEK
70,NYCA,I
71,BA,BA
72,RA,N
73,GA,TA
74,GA,GA
75,PANELENG,WA
76,PANGLAYAR,PANGLAYAR
77,BA,TA
78,PANGWISAD,PA
79,SA,GA
80,RA,Caruk
81,MA,K
82,U,U
83,RE,LA
84,PANELENG,PANYUKU
85,PANELENG,KOMA
86,KSA,SYA
87,PANELENG,N
88,KA,KA
89,mba,mba
90,KOMA,KOMA
91,PANGLAYAR,PANGLAYAR
92,BA,BA
93,MA,PANEULEUNG
94,RA,RA
95,PANYECEK,PANGHULU
96,NGA,NGA
97,PANELENG,PANELENG
98,PAMAEH,PANELENG
99,NGA,NGA
100,CA,CA
101,PA,PA
102,RA,RA
103,KOMA,PAMAEH
104,DA,DA
105,BA,PA
106,PANYECEK,PANYUKU
107,PANEULEUNG,PANGHULU
108,PANEULEUNG,PANGLAYAR
109,PRA,PRA
110,SA,BA
111,PAMAEH,PANELENG
112,PA,PA
113,PANYUKU,PANYUKU
114,PA,K
115,GA,GA
116,PANYECEK,PANGLAYAR
117,WA,WA
118,MA,MA
119,MA,MA
120,K,K
121,I,LE
122,DA,DA
123,PANYECEK,PANYECEK
124,eu,CA
125,PA,SA
126,BA,YA
127,DA,DA
128,PANGLAYAR,PANGLAYAR
129,LA,I
130,PANEULEUNG,PANGHULU
131,LA,LA
132,YA,YA
133,SA,A
134,PANYECEK,PANYECEK
135,PANOLONG,PANOLONG
136,PANEULEUNG,PANEULEUNG
137,PANEULEUNG,PANEULEUNG
138,PANGWISAD,PANGHULU
139,TA,TA
140,DA,JA
141,PANGLAYAR,PANGLAYAR
142,SA,YA
143,PANELENG,MA
144,mba,mba
145,PANGWISAD,PANGWISAD
146,A,A
147,JA,JA
148,PAMAEH,PAMAEH
149,RA,RA
150,PAMAEH,PAMAEH
151,PAMAEH,PAMAEH
152,KOMA,KOMA
153,DA,DA
154,PANEULEUNG,PANELENG
155,YA,TA
156,KA,TA
157,RE,MA
158,A,A
159,KOMA,KOMA
160,MA,MA
161,K,KA
162,I,I
163,KA,KA
164,RA,RA
165,PANGLAYAR,LA
166,PAMAEH,PANOLONG
167,PANGWISAD,PANGWISAD
168,NGA,NGA
169,PANOLONG,PANOLONG
170,KOMA,KOMA
171,PANYECEK,KOMA
172,PA,PA
173,KOMA,KOMA
174,PANEULEUNG,PANEULEUNG
175,PANOLONG,PANOLONG
176,NYJA,mba
177,GA,SA
178,DA,DA
179,RA,RA
180,PAMAEH,PAMAEH
181,KA,KA
182,GA,PA
183,PANGWISAD,PANGWISAD
184,PANELENG,PANYUKU
185,KA,K
186,KOMA,KOMA
187,MA,MA
188,PANYECEK,PANYECEK
189,WA,LA
190,PANOLONG,PANOLONG
191,PANYECEK,PANYUKU
192,SA,SA
193,YA,YA
194,NYJA,I
195,PA,PA
196,RA,RA
197,PAMAEH,Caruk
198,SA,SA
199,PANYECEK,PANYUKU
200,BA,HA
201,RWA,DYA
202,PANELENG,WA
203,PA,PA
204,A,A
205,PANELENG,CA
206,PANELENG,PANYUKU
207,SA,SA
208,PA,SA
209,LE,I
210,N,CA
211,NGA,NGA
212,PANYECEK,PANYECEK
213,NGA,DA
214,PANELENG,PANELENG
215,KA,TA
216,WA,WA
217,A,LA
218,PANGWISAD,PANELENG
219,YA,YA
220,HA,WA
221,PANOLONG,PANOLONG
222,YA,TA
223,KA,KA
224,PANYECEK,PANELENG
225,PANELENG,PANELENG
226,GA,GA
227,NYCA,mba
228,U,U
229,LA,LA
230,PANGWISAD,PANYECEK
231,A,A
232,GA,KA
233,PANGWISAD,PANGHULU
234,BA,HA
235,MA,MA
236,KA,KA
237,PANGWISAD,PANGWISAD
238,HA,HA
239,PANYECEK,PAMAEH
240,PANEULEUNG,PANYUKU
241,N,RA
242,PANGHULU,PANYUKU
243,TA,TA
244,PAMAEH,PAMAEH
245,BA,PA
246,U,U
247,HA,HA
248,BA,DA
249,A,JA
250,KOMA,PANYUKU
251,PANYECEK,PANYECEK
252,KA,KA
253,eu,A
254,PANYUKU,PANYUKU
255,WA,JA
256,CA,CA
257,PANELENG,PANELENG
258,PAMAEH,PAMAEH
259,BA,YA
260,KOMA,PANYECEK
261,PANGWISAD,PANGWISAD
262,DA,DA
263,KOMA,KOMA
264,PA,PA
265,PANGWISAD,PANGWISAD
266,I,I
267,DA,DA
268,PA,GA
269,K,KA
270,LA,LA
271,NYA,NYA
272,PANEULEUNG,PANGHULU
273,NGA,CA
274,SA,SA
275,LA,LA
276,GA,KA
277,LA,BA
278,I,BA
279,PANELENG,U
280,PANELENG,PAMEPET
281,PANELENG,PANGHULU
282,N,PRA
283,KA,KA
284,LA,LA
285,KA,A
286,JA,JA
287,PANYECEK,PANYUKU
288,K,KA
289,PANELENG,PANELENG
290,MA,U
291,KOMA,KOMA
292,PANGLAYAR,PANGLAYAR
293,PANEULEUNG,PANEULEUNG
294,PANYUKU,PANYUKU
295,PANELENG,PANELENG
296,mba,mba
297,PA,PA
298,PANGLAYAR,PANGLAYAR
299,BA,YA
300,A,A
301,PANEULEUNG,KOMA
302,PANGWISAD,PANEULEUNG
303,BA,LA
304,SA,SA
305,PA,PA
306,PAMAEH,PAMAEH
307,SYA,BA
308,PANEULEUNG,PANGHULU
309,GA,KA
310,DA,DA
311,KOMA,KOMA
312,KA,KA
313,PANYECEK,PANYUKU
314,I,JA
315,PANYUKU,PANYUKU
316,JA,JA
317,PANGWISAD,PANYUKU
318,PANGWISAD,RA
319,PAMAEH,NGA
320,PANYECEK,PANYUKU
321,GA,GA
322,BA,BA
323,PANELENG,DA
324,PANEULEUNG,PANEULEUNG
325,PANEULEUNG,PANGHULU
326,N,N
327,PANGWISAD,PANGWISAD
328,PANEULEUNG,PANEULEUNG
329,RA,RE
330,mba,mba
331,NDA,eu
332,PANYECEK,PANYUKU
333,BA,LA
334,A,KSA
335,KA,KA
336,PA,GA
337,DA,DA
338,GA,KA
339,DA,DA
340,A,BA
341,GA,GA
342,NYA,NYA
343,DA,DA
344,JA,JA
345,SA,SA
346,PANGLAYAR,PANGLAYAR
347,HA,HA
348,mpa,HA
349,PAMAEH,PAMAEH
350,PANGLAYAR,PANGLAYAR
351,GA,SA
352,YA,NYA
353,YA,CA
354,KA,K
355,RA,RA
356,SA,SA
357,PANGWISAD,PANGWISAD
358,MA,MA
359,PANEULEUNG,PANEULEUNG
360,MA,RE
361,HA,HA
362,NYJA,I
363,NDA,NDA
364,GA,GA
365,A,A
366,PANYECEK,PANYUKU
367,NGA,NGA
368,PANELENG,RE
369,I,MA
370,PANGLAYAR,PANGLAYAR
371,PANEULEUNG,PANGHULU
372,mba,mba
373,N,N
374,KA,KA
375,SA,KA
376,MA,MA
377,KA,KA
378,PANYECEK,PANYECEK
379,PANEULEUNG,PANEULEUNG
380,K,KA
381,PANYECEK,KOMA
382,K,RE
383,PANGWISAD,PANGWISAD
384,DA,DA
385,PANGLAYAR,PANGLAYAR
386,PAMAEH,PAMAEH
387,BA,I
388,KOMA,KOMA
389,PANELENG,PANEULEUNG
390,PANGHULU,KOMA
391,KOMA,PANYECEK
392,BA,LA
393,NDA,PRA
394,K,I
395,PANELENG,PANELENG
396,DA,HA
397,MA,MA
398,NGA,RO
399,PANGWISAD,PANGHULU
400,PANYUKU,PANYUKU
401,RA,MA
402,NGA,KA
403,PANYECEK,PANYUKU
404,DA,DA
405,SA,GA
406,MA,PA
407,A,A
408,GA,SA
409,PANELENG,PANEULEUNG
410,PAMAEH,PAMAEH
411,PAMAEH,DA
412,PA,NGA
413,SA,SA
414,mba,mba
415,I,NYCA
416,PANGWISAD,PANGHULU
417,PANGWISAD,PANGHULU
418,PANEULEUNG,PANEULEUNG
419,JA,NGA
420,PANYUKU,PANYUKU
421,KOMA,KOMA
422,DA,JA
423,PANELENG,PAMEPET
424,PANELENG,PANELENG
425,YA,YA
426,DA,DA
427,RA,RA
428,LE,U
429,KOMA,KOMA
430,PANOLONG,PANOLONG
431,PANGWISAD,PANGWISAD
432,YA,TA
433,KOMA,KOMA
434,RA,RA
435,I,JA
436,TA,KA
437,mba,mba
438,HA,HA
439,GA,LA
440,PAMAEH,PAMAEH
441,eu,A
442,BA,BA
443,PANYECEK,PANELENG
444,K,K
445,PANOLONG,PANOLONG
446,PANEULEUNG,PANEULEUNG
447,BA,BA
448,PANYECEK,PANYUKU
449,HA,YA
450,U,E
451,KA,KA
452,PANGLAYAR,PANGLAYAR
453,PANGLAYAR,PANGLAYAR
454,PANYUKU,PANYUKU
455,BA,HA
456,PANYECEK,PANYUKU
457,PAMAEH,NGA
458,PANGWISAD,PANGHULU
459,PANYECEK,CA
460,LE,LE
461,KA,MA
462,SA,SA
463,DA,DA
464,NGA,SA
465,PAMAEH,PAMAEH
466,BA,BA
467,PANELENG,PANELENG
468,KA,JA
469,K,K
470,PANGWISAD,PANGWISAD
471,PA,PA
472,GA,GA
473,KA,KA
474,BA,HA
475,A,A
476,PANOLONG,PANOLONG
477,PANEULEUNG,PANGHULU
478,PANGWISAD,PANGWISAD
479,A,A
480,BA,LA
481,PA,PA
482,PANELENG,NGA
483,PANYECEK,PANYECEK
484,PANELENG,LE
485,YA,YA
486,JA,JA
487,CA,CA
488,YA,TA
489,LA,BA
490,DA,DA
491,KOMA,KOMA
492,PANELENG,PANELENG
493,PANYECEK,PANYECEK
494,HA,HA
495,BA,BA
496,PANOLONG,PANOLONG
497,U,N
498,RA,RA
499,LA,LA
500,PANYECEK,PANYECEK
501,PANOLONG,PANOLONG
502,YA,YA
503,PA,PA
504,HA,HA
505,KA,KA
506,NGA,A
507,PANYECEK,PANYECEK
508,NDA,NDA
509,PANEULEUNG,PANELENG
510,mba,TA
511,DA,DA
512,RA,RA
513,LA,JA
514,LE,K
515,BA,TA
516,HA,HA
517,DA,DA
518,PANYECEK,KOMA
519,KOMA,KOMA
520,I,O
521,PANYECEK,PANYUKU
522,WA,WA
523,PA,TA
524,PANELENG,CA
525,HA,KA
526,I,I
527,WA,WA
528,SA,SA
529,PANGWISAD,PANGWISAD
530,RA,RA
531,KOMA,PANYECEK
532,JA,JA
533,KA,KA
534,HA,HA
535,KA,KA
536,K,K
537,DA,WA
538,GA,TA
539,NGA,LA
540,BA,BA
541,U,LE
542,PANELENG,RA
543,PA,K
544,WA,PA
545,SA,HA
546,PANEULEUNG,PANEULEUNG
547,HA,HA
548,PANELENG,RA
549,TA,NYA
550,RA,RA
551,PAMAEH,PAMAEH
552,NGA,NGA
553,DA,DA
554,A,A
555,TA,LA
556,BA,BA
557,KA,TA
558,PANEULEUNG,PANGHULU
559,GA,A
560,MA,SA
561,NGA,WA
562,NGA,A
563,KOMA,KOMA
564,BA,HA
565,PANOLONG,PANOLONG
566,NGA,NGA
567,DA,DA
568,PAMAEH,PAMAEH
569,SA,SA
570,PANGLAYAR,PANGLAYAR
571,PAMAEH,KSA
572,PANELENG,PANELENG
573,PANYECEK,PANYECEK
574,N,N
575,DA,DA
576,PANEULEUNG,PANGHULU
577,PANGWISAD,PA
578,JA,JA
579,DA,WA
580,PANGLAYAR,PANGLAYAR
581,PANEULEUNG,PANGHULU
582,HA,HA
583,KOMA,PANGHULU
584,PANOLONG,PAMEPET
585,PAMAEH,RA
586,KOMA,PANGWISAD
587,NGA,NGA
588,JA,JA
589,RA,RA
590,PANYECEK,PANYUKU
591,K,KA
592,JA,JA
593,PANEULEUNG,PANEULEUNG
594,PRA,PRA
595,HA,HA
596,mba,KA
597,YA,HYA
598,PA,SA
599,PANGWISAD,PANGHULU
600,RA,RA
601,PANEULEUNG,PAMEPET
602,A,A
603,RA,RA
604,PANOLONG,PANOLONG
605,A,NYA
606,PANELENG,DA
607,PANELENG,RA
608,PA,PA
609,PA,DA
610,HA,HA
611,PAMAEH,PANELENG
612,PANELENG,Caruk
613,PAMAEH,Caruk
614,mpa,mpa
615,MA,MA
616,PANELENG,PAMAEH
617,PAMAEH,PAMAEH
618,PANGWISAD,KOMA
619,SA,SA
620,MA,MA
621,NGA,NGA
622,PANYECEK,PANYECEK
623,PANYUKU,PANYUKU
624,GA,GA
625,PANYUKU,PANYUKU
626,PANELENG,PAMAEH
627,MA,MA
628,SA,SA
629,PANGWISAD,PANGWISAD
630,PANEULEUNG,PANEULEUNG
631,JA,RA
632,PANEULEUNG,PANGHULU
633,YA,TA
634,PANEULEUNG,PANEULEUNG
635,N,PAMAEH
636,A,PANOLONG
637,PANELENG,PANELENG
638,I,I
639,YA,YA
640,MA,MA
641,PANYECEK,PANYECEK
642,PA,SA
643,KOMA,PAMAEH
644,PANELENG,PANELENG
645,YA,TA
646,PANYUKU,PANYUKU
647,TA,TA
648,YA,NYA
649,PA,GA
650,PANELENG,RA
651,I,I
652,RA,RA
653,PANYECEK,PANYECEK
654,A,A
655,PAMAEH,KOMA
656,CA,YA
657,mba,mba
658,PA,PA
659,PANELENG,PAMAEH
660,NGA,DA
661,LE,U
662,RWA,RWA
663,GA,KA
664,mba,eu
665,PANELENG,PANELENG
666,PANGWISAD,PANGWISAD
667,CA,CA
668,PANYECEK,PANYUKU
669,PANOLONG,PANOLONG
670,HA,HA
671,PA,PA
672,mba,BA
673,PANEULEUNG,PANEULEUNG
674,KA,MA
675,MA,MA
676,DA,DA
677,KA,TA
678,MA,MA
679,PAMAEH,PAMAEH
680,GA,GA
681,PANYECEK,KOMA
682,KOMA,KOMA
683,KOMA,KOMA
684,YA,TA
685,DA,WA
686,DA,DA
687,LA,LA
688,PANEULEUNG,PAMEPET
689,PANYECEK,PAMEPET
690,NGA,RO
691,NGA,SA
692,PANGWISAD,DA
693,LE,LE
694,YA,YA
695,BA,HA
696,PANGLAYAR,PANGLAYAR
697,BA,BA
698,PANEULEUNG,PANEULEUNG
699,K,A
700,PAMAEH,PAMAEH
701,U,JA
702,YA,TA
703,PANELENG,PANEULEUNG
704,NGA,I
705,CA,RE
706,PANGLAYAR,PANGLAYAR
707,PANGWISAD,PANGWISAD
708,PANOLONG,PANOLONG
709,BA,PA
710,GA,GA
711,KA,GA
712,PANELENG,PANELENG
713,WA,DA
714,PANEULEUNG,PANEULEUNG
715,NDA,eu
716,PANGWISAD,PANGWISAD
717,PANGWISAD,KOMA
718,DA,DA
719,mpa,mpa
720,JA,WA
721,CA,YA
722,PA,SA
723,MA,JA
724,NYA,SA
725,GA,GA
726,TA,YA
727,I,I
728,DA,LA
729,HA,KA
730,BA,BA
731,NGA,NGA
732,KA,KA
733,JA,I
734,NGA,LA
735,PANEULEUNG,PANELENG
736,NGA,DA
737,MA,MA
738,PANEULEUNG,PANELENG
739,YA,HA
740,PAMAEH,PAMAEH
741,GA,KA
742,A,A
743,BA,LA
744,PANELENG,PANEULEUNG
745,KSA,TA
746,BA,LA
747,MA,WA
748,KOMA,PANGWISAD
749,PANGLAYAR,PANGLAYAR
750,KOMA,KOMA
751,DA,DA
752,PA,PA
753,NYJA,K
754,YA,YA
755,NGA,PANELENG
756,TA,kka
757,KOMA,KOMA
758,MA,MA
759,YA,TA
760,SA,GA
761,PAMEPET,PANGHULU
762,PANEULEUNG,PA
763,DA,DA
764,NGA,NGA
765,U,U
766,PANELENG,PANELENG
767,PAMAEH,PAMAEH
768,PANELENG,PANEULEUNG
769,BA,LA
770,PANEULEUNG,PANELENG
771,BA,BA
772,MA,MA
773,RA,RA
774,GA,GA
775,N,mba
776,PANYUKU,PANYUKU
777,PANEULEUNG,PANEULEUNG
778,A,A
779,PANGWISAD,PANGHULU
780,NGA,DA
781,MA,MA
782,PANGWISAD,KOMA
783,DA,DA
784,BA,LA
785,HA,HA
786,A,I
787,PANGLAYAR,PANEULEUNG
788,PANYECEK,PANYECEK
789,PANYUKU,PANYUKU
790,GA,GA
791,N,N
792,TA,TA
793,NGA,PAMAEH
794,PAMAEH,NGA
795,YA,NYA
796,A,A
797,PANYECEK,PANYECEK
798,eu,eu
799,A,K
800,KOMA,PANYUKU
801,LA,DA
802,PANELENG,PA
803,PRA,PRA
804,PAMAEH,PAMAEH
805,BA,NYA
806,BA,BA
807,PANYUKU,PANYUKU
808,SA,GA
809,PAMAEH,PAMAEH
810,YA,NYA
811,BA,mba
812,RA,RA
813,A,A
814,U,U
815,JA,JA
816,E,WA
817,NDA,E
818,PANGWISAD,KOMA
819,PANYECEK,PANYUKU
820,PA,PA
821,PANGWISAD,PANGWISAD
822,PANGWISAD,PANGWISAD
823,PANGWISAD,PANGHULU
824,PANYECEK,PANYUKU
825,PANEULEUNG,PANEULEUNG
826,PA,PA
827,KA,KA
828,WA,YA
829,BA,HA
830,LA,LA
831,PANELENG,WA
832,PANELENG,PANELENG
833,RA,RA
834,DA,DA
835,PANEULEUNG,PANEULEUNG
836,PA,PA
837,K,GA
838,GA,A
839,PANEULEUNG,PANEULEUNG
840,PA,SA
841,NGA,NGA
842,PANYECEK,PANYUKU
843,N,N
844,GA,GA
845,NYA,NYA
846,A,A
847,PA,RA
848,MA,MA
849,PANELENG,KOMA
850,LE,mba
851,PANYECEK,PANYECEK
852,YA,YA
853,E,LA
854,KOMA,KOMA
855,WA,DA
856,MA,MA
857,PAMAEH,PAMAEH
858,TA,TA
859,SA,SA
860,PANELENG,PA
861,BA,BA
862,NGA,LA
863,N,PAMAEH
864,I,NYCA
865,PANOLONG,PANOLONG
866,K,K
867,PANELENG,PAMAEH
868,PANGWISAD,PANGHULU
869,I,I
870,DA,DA
871,TA,TA
872,PANYECEK,PANYECEK
873,TA,TA
874,K,K
875,GA,KA
876,PANOLONG,PANOLONG
877,PANELENG,PANELENG
878,A,KA
879,MA,MA
880,mpa,SA
881,KOMA,KOMA
882,BA,BA
883,PANELENG,SA
884,PAMAEH,PAMAEH
885,PANYECEK,PANYECEK
886,PANYECEK,PANYECEK
887,PANYUKU,PANYUKU
888,NGA,PAMAEH
889,NDA,RWA
890,PANYECEK,PANYECEK
891,SA,SA
892,DA,U
893,PA,CA
894,KOMA,KOMA
895,I,I
896,PANELENG,U
897,KA,KA
898,KOMA,KOMA
899,PANYECEK,KOMA
900,PAMAEH,PAMAEH
901,NGA,NGA
902,PANELENG,PANELENG
903,MA,MA
904,PANGWISAD,PANELENG
905,PANELENG,PAMAEH
906,PANOLONG,PAMAEH
907,NGA,A
908,PAMAEH,PANEULEUNG
909,NGA,NGA
910,PANEULEUNG,PAMEPET
911,KA,KA
912,NGA,PANELENG
913,DA,DA
914,A,A
915,PAMAEH,RA
916,PANEULEUNG,PANELENG
917,TA,TA
918,PANGLAYAR,PANYECEK
919,mpa,HA
920,GA,A
921,PANELENG,KOMA
922,I,A
923,NYCA,NYJA
924,PANGLAYAR,PANGLAYAR
925,WA,MA
926,I,JA
927,U,NGA
928,U,U
929,PANYUKU,PANYUKU
930,KOMA,PANGHULU
931,MA,MA
932,I,A
933,TA,LA
934,MA,MA
935,HA,LA
936,PANEULEUNG,PAMEPET
937,NGA,NGA
938,PANOLONG,PANOLONG
939,MA,I
940,GA,GA
941,PAMAEH,PAMAEH
942,PANYUKU,PANYUKU
943,RA,RA
944,YA,HYA
945,PANEULEUNG,PANEULEUNG
946,PANEULEUNG,PANGHULU
947,PANYECEK,PANYECEK
948,I,MA
949,PANYECEK,PANYUKU
950,PANYECEK,PANYUKU
951,A,A
952,U,U
953,GA,SA
954,PANGWISAD,PANGWISAD
955,BA,BA
956,DA,DA
957,BA,BA
958,PANGLAYAR,PANGLAYAR
959,NDA,N
960,PANGLAYAR,SA
961,GA,KA
962,BA,BA
963,I,I
964,PANOLONG,PANOLONG
965,HA,HA
966,NGA,BA
967,PAMAEH,NGA
968,KA,SA
969,NYA,NYA
970,MA,MA
971,N,N
972,GA,GA
973,BA,HA
974,PRA,NDA
975,SA,pasangan-wa
976,PANELENG,PAMEPET
977,NGA,I
978,PANYUKU,PANYUKU
979,PANOLONG,PANOLONG
980,N,RA
981,DA,DA
982,mba,KA
983,GA,KA
984,GA,TA
985,KOMA,LA
986,MA,GA
987,GA,GA
988,PANELENG,PAMAEH
989,PANOLONG,PANOLONG
990,GA,TA
991,PANGLAYAR,PANGLAYAR
992,PAMAEH,PAMAEH
993,SA,SA
994,GA,GA
995,PA,Caruk
996,LA,PAMAEH
997,PANGLAYAR,PANGLAYAR
998,U,U
999,A,WA
1000,PANYUKU,PANYECEK
1001,A,A
1002,HA,LA
1003,GA,KA
1004,PANGWISAD,PANYECEK
1005,A,NGA
1006,PANYECEK,PANYUKU
1007,LA,LA
1008,PANEULEUNG,PANEULEUNG
1009,PANEULEUNG,PANELENG
1010,BA,TA
1011,PANGWISAD,PANGWISAD
1012,PA,LA
1013,DA,DA
1014,PA,BA
1015,NDA,RWA
1016,PANYECEK,PANYECEK
1017,HA,HA
1018,PANGWISAD,PANGHULU
1019,BA,BA
1020,PANELENG,LA
1021,LA,LA
1022,K,A
1023,RA,RA
1024,PAMAEH,PAMAEH
1025,PA,PA
1026,NGA,RE
1027,RA,U
1028,KA,KA
1029,PANGLAYAR,PANGLAYAR
1030,GA,TA
1031,PANGWISAD,PA
1032,PRA,PRA
1033,PANELENG,U
1034,A,A
1035,SA,GA
1036,RA,N
1037,NDA,TWA
1038,MA,PANELENG
1039,PANYECEK,KOMA
1040,PANOLONG,PANOLONG
1041,PANGLAYAR,PANGLAYAR
1042,PANELENG,PANEULEUNG
1043,PANGWISAD,PANGWISAD
1044,PANYECEK,PANYECEK
1045,A,A
1046,PAMAEH,JA
1047,BA,LA
1048,DA,DA
1049,TA,TA
1050,A,A
1051,GA,GA
1052,NGA,PAMAEH
1053,PANOLONG,PANOLONG
1054,BA,BA
1055,TA,HA
1056,I,I
1057,SA,SA
1058,PAMAEH,NDA
1059,DA,HA
1060,DA,WA
1061,PANEULEUNG,PANEULEUNG
1062,RA,RA
1063,eu,PRA
1064,PA,PA
1065,PANELENG,PAMEPET
1066,BA,NYA
1067,RA,RA
1068,PANGHULU,KOMA
1069,DA,DA
1070,BA,I
1071,PANGLAYAR,PANEULEUNG
1072,PANEULEUNG,PANGHULU
1073,MA,WA
1074,NGA,PANOLONG
1075,PANGLAYAR,PANGLAYAR
1076,BA,BA
1077,PA,PA
1078,NGA,DA
1079,PANYECEK,PANYECEK
1080,U,WA
1081,PANYUKU,PANOLONG
1082,PANYECEK,PANYECEK
1083,PANELENG,PANELENG
1084,K,MA
1085,PA,RE
1086,PA,PA
1087,BA,BA
1088,PANGWISAD,PANGWISAD
1089,SA,PA
1090,KOMA,KOMA
1091,PANYECEK,PANYECEK
1092,U,U
1093,GA,GA
1094,RA,RA
1095,PA,SA
1096,YA,YA
1097,PANELENG,PANEULEUNG
1098,RA,RA
1099,NGA,SA
1100,NGA,PANELENG
1101,YA,YA
1102,U,RA
1103,NGA,SA
1104,GA,KA
1105,mpa,HYA
1106,PANELENG,PAMAEH
1107,U,U
1108,MA,MA
1109,NGA,PAMAEH
1110,NGA,LA
1111,GA,GA
1112,PANEULEUNG,PAMEPET
1113,NGA,SA
1114,N,N
1115,N,NGA
1116,LE,I
1117,RA,CA
1118,KOMA,PANYUKU
1119,A,A
1120,LA,JA
1121,PA,PA
1122,GA,GA
1123,PANGWISAD,PANGHULU
1124,PANEULEUNG,PANEULEUNG
1125,I,I
1126,I,DYA
1127,PANEULEUNG,PANELENG
1128,KSA,K
1129,MA,MA
1130,mba,E
1131,PAMAEH,PANOLONG
1132,PANEULEUNG,PANEULEUNG
1133,BA,BA
1134,PANELENG,PANELENG
1135,GA,GA
1136,RA,RA
1137,DA,LA
1138,PAMAEH,PAMAEH
1139,NDA,NDA
1140,PANYUKU,PANYUKU
1141,PANELENG,PANEULEUNG
1142,PANYECEK,PANYECEK
1143,YA,TA
1144,RA,WA
1145,PANEULEUNG,PANEULEUNG
1146,BA,BA
1147,DA,DA
1148,PANYECEK,PANYECEK
1149,PANGWISAD,PANGWISAD
1150,N,eu
1151,MA,CA
1152,PANOLONG,PANOLONG
1153,PANGLAYAR,PANGLAYAR
1154,PANGWISAD,PANGWISAD
1155,PA,PA
1156,SA,SA
1157,A,A
1158,GA,PANOLONG
1159,PANGWISAD,PANGWISAD
1160,BA,PAMAEH
1161,CA,I
1162,PANYECEK,PANYECEK
1163,PANELENG,PANELENG
1164,PA,PA
1165,PANGLAYAR,PANGLAYAR
1166,MA,MA
1167,NGA,JA
1168,DA,JA
1169,DA,BA
1170,RA,RA
1171,CA,CA
1172,N,MA
1173,DA,DA
1174,SA,MA
1175,PANGWISAD,PANGWISAD
1176,MA,MA
1177,BA,BA
1178,PANYECEK,PANYECEK
1179,PANYECEK,PANYECEK
1180,K,KA
1181,PANEULEUNG,PANEULEUNG
1182,PANGLAYAR,PANGLAYAR
1183,HA,BA
1184,PRA,SYA
1185,TA,TA
1186,PANEULEUNG,PANELENG
1187,PANELENG,PANELENG
1188,eu,eu
1189,PA,PA
1190,HA,LA
1191,PA,PA
1192,GA,GA
1193,MA,WA
1194,DA,DA
1195,PANGWISAD,PA
1196,GA,GA
1197,PANYUKU,PANYUKU
1198,A,A
1199,PANEULEUNG,PANEULEUNG
1200,PANGWISAD,PANGWISAD
1201,PANGLAYAR,PANGLAYAR
1202,PANGLAYAR,PANGLAYAR
1203,mba,mba
1204,TA,YA
1205,PANGWISAD,PANGHULU
1206,PANEULEUNG,PANEULEUNG
1207,PANYUKU,PANYUKU
1208,WA,WA
1209,MA,MA
1210,KOMA,PANGLAYAR
1211,GA,LA
1212,PANGWISAD,PANGWISAD
1213,GA,GA
1214,NGA,NGA
1215,PANYECEK,PANYUKU
1216,PANGWISAD,PANGHULU
1217,PANELENG,PANELENG
1218,PANEULEUNG,PANEULEUNG
1219,PANOLONG,PANOLONG
1220,PANELENG,PANELENG
1221,PANGWISAD,PANGWISAD
1222,K,RA
1223,PANELENG,RE
1224,PANGWISAD,PANGWISAD
1225,PANEULEUNG,PAMEPET
1226,SA,SA
1227,I,I
1228,PANGHULU,DA
1229,PANGWISAD,PANGWISAD
1230,PANOLONG,PANOLONG
1231,PANGWISAD,pasangan-wa
1232,BA,HA
1233,MA,MA
1234,PANEULEUNG,PAMEPET
1235,SA,NGA
1236,NGA,U
1237,YA,YA
1238,PANELENG,LA
1239,A,A
1240,DA,DA
1241,RA,RA
1242,PANELENG,PANEULEUNG
1243,PANEULEUNG,PANEULEUNG
1244,MA,MA
1245,A,eu
1246,YA,TA
1247,YA,YA
1248,N,JA
1249,MA,MA
1250,LA,LA
1251,PA,PA
1252,KA,K
1253,SA,PANOLONG
1254,mba,I
1255,NYA,NYA
1256,MA,WA
1257,PANYUKU,PANYUKU
1258,TA,O
1259,PANELENG,PANELENG
1260,PANEULEUNG,PANELENG
1261,BA,BA
1262,mba,mba
1263,mba,mpa
1264,PANYECEK,PANYECEK
1265,PANGWISAD,PANGHULU
1266,PANGWISAD,PANGWISAD
1267,PANOLONG,PANOLONG
1268,mpa,mpa
1269,CA,CA
1270,PANEULEUNG,PANELENG
1271,N,N
1272,RA,RA
1273,LA,LA
1274,PAMAEH,JA
1275,WA,WA
1276,BA,BA
1277,GA,A
1278,DA,DA
1279,SA,WA
1280,PANEULEUNG,PANGHULU
1281,BA,WA
1282,MA,MA
1283,PAMAEH,PAMAEH
1284,PANELENG,PANELENG
1285,PANELENG,KOMA
1286,N,RA
1287,PANYECEK,PANYUKU
1288,LA,LA
1289,PANGLAYAR,PANGLAYAR
1290,PANGWISAD,PANGWISAD
1291,KOMA,PANYUKU
1292,PANYUKU,PANYUKU
1293,PANEULEUNG,PANEULEUNG
1294,NGA,SA
1295,MA,MA
1296,MA,MA
1297,TA,TA
1298,PANELENG,K
1299,PANEULEUNG,PANEULEUNG
1300,PANGWISAD,PANGHULU
1301,PAMAEH,A
1302,PANYECEK,PANYUKU
1303,PANGHULU,KOMA
1304,PANELENG,PANELENG
1305,SA,PA
1306,MA,TA
1307,PANEULEUNG,PANEULEUNG
1308,KOMA,PANGWISAD
1309,PANEULEUNG,PANEULEUNG
1310,SA,SA
1311,KOMA,PANYUKU
1312,PANGWISAD,PANGHULU
1313,BA,LA
1314,N,U
1315,PAMAEH,PANYUKU
1316,PANOLONG,PAMAEH
1317,BA,BA
1318,PA,PANGWISAD
1319,PANYECEK,PANYECEK
1320,PANYECEK,PANGHULU
1321,PANGWISAD,PANGWISAD
1322,PANELENG,NGA
1323,SA,A
1324,KOMA,PANYECEK
1325,DA,WA
1326,PANELENG,PANGWISAD
1327,BA,BA
1328,RA,JA
1329,NGA,SA
1330,PANGLAYAR,PANGLAYAR
1331,PANGLAYAR,PA
1332,NGA,NGA
1333,PANGWISAD,PANGWISAD
1334,BA,KSA
1335,BA,BA
1336,HA,HA
1337,PANGWISAD,PANGWISAD
1338,PANELENG,U
1339,PANYUKU,PANGHULU
1340,eu,kka
1341,GA,SA
1342,TA,KA
1343,U,U
1344,RA,KSA
1345,PANOLONG,PANOLONG
1346,JA,JA
1347,PA,HA
1348,PANGWISAD,PANGWISAD
1349,PANYECEK,PANGWISAD
1350,BA,BA
1351,SA,SA
1352,A,A
1353,NDA,PANOLONG
1354,SA,SA
1355,BA,BA
1356,WA,U
1357,BA,BA
1358,PA,PA
1359,BA,TA
1360,PANOLONG,PANOLONG
1361,KA,KA
1362,MA,K
1363,PANGLAYAR,PANGLAYAR
1364,N,PANYECEK
1365,PANELENG,PANEULEUNG
1366,PANELENG,WA
1367,PANEULEUNG,PANGHULU
1368,RA,RA
1369,PANELENG,PANGHULU
1370,PANGLAYAR,PANYUKU
1371,GA,A
1372,BA,I
1373,PANELENG,PANOLONG
1374,PANGWISAD,PA
1375,N,PRA
1376,PA,PA
1377,I,I
1378,YA,PA
1379,GA,GA
1380,PANELENG,PANYUKU
1381,PA,PA
1382,A,A
1383,PANYUKU,PANYUKU
1384,PANYECEK,KOMA
1385,PANYECEK,PANYECEK
1386,PANYECEK,PANYUKU
1387,PANGWISAD,PANGWISAD
1388,DA,DA
1389,BA,NYA
1390,PANYECEK,PANYECEK
1391,MA,JA
1392,RA,WA
1393,RA,RA
1394,MA,MA
1395,mba,TWA
1396,RA,RA
1397,PANOLONG,PANOLONG
1398,K,GA
1399,PANGWISAD,PAMAEH
1400,Caruk,MA
1401,KA,KA
1402,PANELENG,PANELENG
1403,LA,WA
1404,PANOLONG,PANOLONG
1405,GA,KA
1406,BA,LA
1407,BA,BA
1408,KOMA,DA
1409,DA,WA
1410,NGA,NGA
1411,NYA,NYA
1412,PANEULEUNG,PANEULEUNG
1413,PANELENG,PANELENG
1414,PANGWISAD,PANGWISAD
1415,PANGWISAD,PANGWISAD
1416,PANEULEUNG,PANELENG
1417,PAMAEH,PAMAEH
1418,PANEULEUNG,PANGHULU
1419,PANYECEK,PANGHULU
1420,NDA,nma
1421,NYA,NYA
1422,PANOLONG,PANOLONG
1423,GA,GA
1424,U,U
1425,DA,LA
1426,NYA,NYA
1427,K,TA
1428,PANELENG,WA
1429,PANELENG,RA
1430,PANYECEK,PANYECEK
1431,PANGWISAD,PANGWISAD
1432,KOMA,KOMA
1433,PANGWISAD,PANGWISAD
1434,RA,RA
1435,LA,PA
1436,A,A
1437,BA,BA
1438,KA,KA
1439,I,LE
1440,KOMA,KOMA
1441,PANGWISAD,JA
1442,NGA,LA
1443,PANYECEK,PANEULEUNG
1444,PANELENG,U
1445,NDA,TWA
1446,eu,SYA
1447,KA,K
1448,MA,MA
1449,PANYECEK,PANYECEK
1450,mba,RYA
1451,PA,PA
1452,KOMA,KOMA
1453,PANEULEUNG,PANGHULU
1454,CA,PANELENG
1455,NYCA,TYA
1456,PANYECEK,PANYECEK
1457,KSA,TA
1458,PANYECEK,PANYUKU
1459,RA,N
1460,LA,LA
1461,PANEULEUNG,PANYECEK
1462,PANELENG,KOMA
1463,PANYECEK,PANYUKU
1464,PANGWISAD,KOMA
1465,PANYECEK,PANYECEK
1466,BA,LA
1467,YA,TA
1468,MA,HA
1469,PA,PA
1470,PANELENG,PANEULEUNG
1471,YA,HA
1472,PANGLAYAR,PANGLAYAR
1473,BA,BA
1474,PANYECEK,PANYUKU
1475,DA,JA
1476,WA,MA
1477,PANGWISAD,PANGWISAD
1478,SA,SA
1479,PANGWISAD,PANGWISAD
1480,N,N
1481,RA,WA
1482,N,nma
1483,PANELENG,PANELENG
1484,A,A
1485,PANGWISAD,PANEULEUNG
1486,LA,LA
1487,BA,BA
1488,PAMAEH,PAMAEH
1489,N,Caruk
1490,PANEULEUNG,PANGHULU
1491,PAMAEH,RA
1492,NGA,NGA
1493,mpa,mpa
1494,KSA,TYA
1495,NDA,PAMAEH
1496,mba,KA
1497,RA,RA
1498,A,NGA
1499,PANOLONG,PANOLONG
1500,RA,RA
1501,GA,KA
1502,K,K
1503,RA,RA
1504,DA,DA
1505,BA,BA
1506,NGA,NGA
1507,PANELENG,PANELENG
1508,PANELENG,PAMAEH
1509,TA,TA
1510,I,I
1511,PANYECEK,PANYUKU
1512,PANEULEUNG,PANGHULU
1513,KOMA,KOMA
1514,PANYECEK,PANYECEK
1515,PAMAEH,NDA
1516,A,A
1517,KA,KA
1518,PANYUKU,PANYUKU
1519,LA,LA
1520,NDA,LE
1521,NYJA,NYJA
1522,PAMAEH,PANELENG
1523,CA,U
1524,mba,KA
1525,KA,GA
1526,PANEULEUNG,PANGHULU
1527,SA,SA
1528,N,PRA
1529,A,NDA
1530,PANELENG,PANGHULU
1531,PANGLAYAR,TA
1532,KOMA,KOMA
1533,PANGWISAD,PANGWISAD
1534,PAMAEH,KOMA
1535,SA,SA
1536,PANGLAYAR,PANGLAYAR
1537,mpa,mpa
1538,LA,WA
1539,PANGLAYAR,PANGLAYAR
1540,PA,PA
1541,KOMA,PANYUKU
1542,KA,TA
1543,GA,GA
1544,DA,DA
1545,NGA,A
1546,PANGWISAD,PANGWISAD
1547,PANEULEUNG,PANGHULU
1548,RA,RA
1549,PANELENG,CA
1550,KA,KA
1551,KOMA,KOMA
1552,KOMA,PANGWISAD
1553,PANGWISAD,RA
1554,mba,GA
1555,PANGWISAD,PANGHULU
1556,GA,KA
1557,GA,A
1558,PA,SA
1559,PAMAEH,PAMAEH
1560,PANEULEUNG,PANEULEUNG
1561,A,A
1562,WA,PAMINGKAL
1563,PANGLAYAR,PANYECEK
1564,CA,CA
1565,SA,SA
1566,PANEULEUNG,PANELENG
1567,MA,K
1568,PA,PA
1569,MA,PANOLONG
1570,LA,DA
1571,PANGWISAD,PANGWISAD
1572,GA,GA
1573,N,MA
1574,TA,TA
1575,PANOLONG,PANOLONG
1576,DA,DA
1577,BA,JA
1578,WA,A
1579,WA,JA
1580,NGA,YA
1581,PANGWISAD,PANGWISAD
1582,SA,SA
1583,PA,PA
1584,PANGWISAD,PANGHULU
1585,BA,BA
1586,PANGWISAD,PANGWISAD
1587,BA,NYA
1588,PA,PA
1589,PANGLAYAR,PANGLAYAR
1590,NGA,NGA
1591,PANGWISAD,PANGHULU
1592,U,nma
1593,I,PANOLONG
1594,PANGWISAD,PANGHULU
1595,KOMA,KOMA
1596,MA,LA
1597,RA,RA
1598,RE,BA
1599,HA,CA
1600,YA,TA
1601,GA,GA
1602,PANGWISAD,PANGWISAD
1603,PANYECEK,PANYECEK
1604,PANGWISAD,PANGWISAD
1605,NGA,O
1606,PANGLAYAR,PANGLAYAR
1607,NGA,NGA
1608,PANYECEK,PANYECEK
1609,PANGWISAD,PANGHULU
1610,RA,PANELENG
1611,PA,PA
1612,HA,TA
1613,RA,RA
1614,BA,NYA
1615,PANEULEUNG,PAMEPET
1616,GA,GA
1617,KOMA,LA
1618,NGA,PANELENG
1619,BA,BA
1620,SA,SA
1621,KA,KA
1622,mpa,mpa
1623,PANYECEK,PANYECEK
1624,U,U
1625,RA,RA
1626,PA,PA
1627,HA,HA
1628,PAMAEH,Caruk
1629,MA,MA
1630,A,A
1631,PAMAEH,KOMA
1632,KOMA,KOMA
1633,PANEULEUNG,PANGHULU
1634,mba,RYA
1635,PA,PA
1636,PANELENG,NGA
1637,BA,NYA
1638,PANGWISAD,PANGHULU
1639,YA,TA
1640,PAMAEH,PAMAEH
1641,RA,RA
1642,PAMAEH,PAMAEH
1643,PRA,PA
1644,MA,WA
1645,N,N
1646,PANELENG,PANELENG
1647,NGA,NGA
1648,CA,CA
1649,PANYECEK,PANYECEK
1650,PANOLONG,PANOLONG
1651,N,LA
1652,PANOLONG,PAMAEH
1653,PANEULEUNG,PANGHULU
1654,PANELENG,RA
1655,RA,RA
1656,A,LA
1657,PANEULEUNG,PANEULEUNG
1658,PANELENG,PANELENG
1659,PANYECEK,PANYUKU
1660,PANGLAYAR,PANGLAYAR
1661,PANYECEK,PANYECEK
1662,MA,MA
1663,RWA,PAMINGKAL
1664,PANGLAYAR,PANEULEUNG
1665,BA,LA
1666,SA,A
1667,PANEULEUNG,PANGHULU
1668,PANEULEUNG,PANEULEUNG
1669,NGA,SA
1670,BA,BA
1671,N,N
1672,TA,TA
1673,PANGWISAD,PANGWISAD
1674,YA,HA
1675,PANYECEK,PANELENG
1676,MA,MA
1677,mba,eu
1678,HA,HA
1679,PA,LA
1680,GA,K
1681,BA,BA
1682,KOMA,PANGWISAD
1683,RA,RA
1684,K,K
1685,A,A
1686,PANEULEUNG,PANEULEUNG
1687,PANELENG,PANELENG
1688,WA,PA
1689,N,RA
1690,MA,WA
1691,A,A
1692,HA,HA
1693,A,A
1694,K,RE
1695,PAMAEH,N
1696,WA,A
1697,KOMA,PANYUKU
1698,BA,TA
1699,GA,GA
1700,RA,RA
1701,BA,TA
1702,PANELENG,WA
1703,TA,TA
1704,GA,SA
1705,PANGWISAD,PANGWISAD
1706,TA,TA
1707,DA,DA
1708,DA,DA
1709,PANELENG,PANEULEUNG
1710,PANYECEK,PANYECEK
1711,I,NGA
1712,PANGHULU,PANGLAYAR
1713,PANELENG,U
1714,PANGWISAD,PANGHULU
1715,TA,TA
1716,KOMA,KOMA
1717,HA,NYA
1718,YA,YA
1719,NGA,NGA
1720,YA,YA
1721,PANGWISAD,PANGHULU
1722,NGA,NGA
1723,PANGWISAD,PANGHULU
1724,PANEULEUNG,PANGHULU
1725,GA,GA
1726,TA,BA
1727,N,nma
1728,mba,mba
1729,PANELENG,PANEULEUNG
1730,MA,MA
1731,BA,LA
1732,MA,SA
1733,PANYECEK,PANYECEK
1734,PANELENG,RA
1735,PANGWISAD,PANGHULU
1736,PANOLONG,PANOLONG
1737,NGA,A
1738,PAMAEH,PAMAEH
1739,KA,TA
1740,PANYUKU,PANYUKU
1741,PAMAEH,A
1742,I,I
1743,SYA,eu
1744,BA,BA
1745,eu,eu
1746,PANYECEK,PANEULEUNG
1747,NGA,A
1748,PAMAEH,PAMAEH
1749,PANEULEUNG,PANEULEUNG
1750,SA,TA
1751,WA,WA
1752,PAMAEH,KOMA
1753,LA,LA
1754,KOMA,KOMA
1755,CA,CA
1756,N,PRA
1757,PANELENG,JA
1758,RA,RA
1759,NGA,DA
1760,NGA,NGA
1761,YA,TA
1762,RA,RA
1763,BA,MA
1764,BA,BA
1765,KA,DA
1766,GA,KA
1767,PANYECEK,PANYECEK
1768,eu,eu
1769,MA,PA
1770,JA,JA
1771,HA,HA
1772,A,A
1773,PANYUKU,PANYECEK
1774,TA,TA
1775,YA,TA
1776,BA,LA
1777,PANGLAYAR,PANGLAYAR
1778,GA,TA
1779,NGA,LA
1780,PANELENG,K
1781,PANEULEUNG,PANGHULU
1782,PANGWISAD,PANGHULU
1783,BA,NYA
1784,DA,DA
1785,GA,KA
1786,TA,TA
1787,KOMA,KOMA
1788,NYJA,TA
1789,U,U
1790,PAMAEH,PAMAEH
1791,BA,BA
1792,BA,BA
1793,NGA,PA
1794,YA,YA
1795,PA,SA
1796,MA,MA
1797,JA,PANOLONG
1798,KA,KA
1799,PANELENG,CA
1800,mpa,mpa
1801,BA,GA
1802,eu,eu
1803,SA,GA
1804,MA,MA
1805,DA,WA
1806,N,U
1807,MA,MA
1808,PAMAEH,PAMAEH
1809,MA,MA
1810,PANYECEK,PANYECEK
1811,NYCA,NYCA
1812,HA,HA
1813,PANEULEUNG,PANELENG
1814,GA,SA
1815,BA,NYA
1816,GA,A
1817,YA,YA
1818,NGA,NGA
1819,PANEULEUNG,PANGHULU
1820,I,MA
1821,SA,SA
1822,PANGWISAD,PANGWISAD
1823,PA,TA
1824,LA,LA
1825,eu,TWA
1826,PANOLONG,PANOLONG
1827,LA,LA
1828,GA,KA
1829,PANGWISAD,PANGHULU
1830,PANOLONG,PANOLONG
1831,PANOLONG,PANOLONG
1832,DA,E
1833,PANYECEK,PANYECEK
1834,N,N
1835,TA,TA
1836,GA,GA
1837,KSA,TA
1838,mba,mba
1839,RA,DA
1840,PANELENG,PANEULEUNG
1841,JA,WA
1842,GA,GA
1843,PANYECEK,PANYUKU
1844,PANGWISAD,PANGWISAD
1845,GA,TA
1846,K,KA
1847,GA,GA
1848,PA,SA
1849,KA,KA
1850,BA,BA
1851,RA,RA
1852,PANELENG,NGA
1853,PANEULEUNG,PANELENG
1854,PANEULEUNG,PANEULEUNG
1855,PAMAEH,DA
1856,GA,SA
1857,NGA,I
1858,JA,JA
1859,NGA,DA
1860,PANEULEUNG,PANEULEUNG
1861,PRA,JA
1862,KA,GA
1863,PANYECEK,PANYECEK
1864,N,U
1865,BA,RO
1866,RO,HA
1867,PANGLAYAR,PANGLAYAR
1868,N,E
1869,MA,I
1870,LA,LA
1871,K,K
1872,PANGWISAD,PANGWISAD
1873,RA,RA
1874,PANYECEK,PANYUKU
1875,RA,RA
1876,RA,RA
1877,PANEULEUNG,PANGWISAD
1878,I,I
1879,TA,SA
1880,SA,PA
1881,NGA,PAMAEH
1882,PANYECEK,PANYECEK
1883,PANGLAYAR,DA
1884,PANEULEUNG,PANGHULU
1885,NDA,NGA
1886,PAMAEH,PAMAEH
1887,TA,TA
1888,RA,RA
1889,YA,TA
1890,KOMA,PANGWISAD
1891,TA,PAMINGKAL
1892,BA,BA
1893,TA,NYA
1894,WA,WA
1895,PANGWISAD,PANGHULU
1896,HA,LA
1897,A,A
1898,GA,SA
1899,MA,RE
1900,K,RA
1901,PANELENG,PANEULEUNG
1902,KA,KA
1903,MA,K
1904,PAMAEH,PAMAEH
1905,PANYECEK,PANGHULU
1906,NGA,LE
1907,SA,SA
1908,MA,MA
1909,PANEULEUNG,PANEULEUNG
1910,TA,TA
1911,PANYECEK,PANYECEK
1912,PANGLAYAR,PANGLAYAR
1913,DA,A
1914,GA,mpa
1915,BA,BA
1916,PANOLONG,PANOLONG
1917,PANGLAYAR,PANGLAYAR
1918,PANEULEUNG,PA
1919,PANEULEUNG,PANGHULU
1920,PAMAEH,PANOLONG
1921,I,LE
1922,PANELENG,PANELENG
1923,BA,LA
1924,PANYECEK,PANEULEUNG
1925,PANGWISAD,PANGHULU
1926,BA,BA
1927,SA,SA
1928,NGA,LA
1929,HA,HA
1930,PANYUKU,PANYUKU
1931,PAMAEH,PAMAEH
1932,JA,JA
1933,YA,TA
1934,PA,LA
1935,NDA,PRA
1936,PANEULEUNG,PANEULEUNG
1937,PANELENG,PANELENG
1938,MA,MA
1939,MA,MA
1940,NGA,YA
1941,MA,MA
1942,BA,YA
1943,BA,I
1944,YA,YA
1945,BA,I
1946,PANGLAYAR,NGA
1947,KOMA,KOMA
1948,TA,TA
1949,eu,NDA
1950,HA,HA
1951,HA,BA
1952,PANEULEUNG,PANGLAYAR
1953,PANGWISAD,PANGWISAD
1954,MA,MA
1955,A,KSA
1956,A,SA
1957,PANOLONG,CA
1958,PANELENG,NGA
1959,MA,MA
1960,PAMAEH,PAMAEH
1961,GA,GA
1962,PANEULEUNG,PANEULEUNG
1963,NGA,A
1964,PRA,PRA
1965,GA,KA
1966,PAMAEH,Caruk
1967,BA,TA
1968,PANGWISAD,PANGHULU
1969,PANGWISAD,PANYECEK
1970,mpa,HA
1971,A,GA
1972,E,RA
1973,PANGWISAD,PANGWISAD
1974,PA,PA
1975,MA,MA
1976,GA,A
1977,TA,TA
1978,eu,PANYAKRA
1979,PANGWISAD,PANGWISAD
1980,KA,KA
1981,PANGWISAD,PANGHULU
1982,BA,BA
1983,NGA,NGA
1984,PANGWISAD,PANGWISAD
1985,SA,SA
1986,NGA,LA
1987,PANEULEUNG,PANGHULU
1988,A,A
1989,PA,PA
1990,BA,HA
1991,BA,PA
1992,LA,LA
1993,K,I
1994,KA,SA
1995,GA,GA
1996,PANGWISAD,PANGWISAD
1997,PANELENG,PANEULEUNG
1998,BA,BA
1999,N,N
2000,PANYECEK,PANYECEK
2001,YA,YA
2002,PANYECEK,PANYECEK
2003,PANYECEK,PANYUKU
2004,BA,BA
2005,PANGWISAD,PANGWISAD
2006,A,A
2007,PANELENG,Caruk
2008,BA,LA
2009,PANOLONG,PANOLONG
2010,PRA,PRA
2011,NDA,RWA
2012,PANYECEK,PANYECEK
2013,KOMA,KOMA
2014,NYCA,TWA
2015,DA,DA
2016,mpa,GA
2017,PANGWISAD,PANGWISAD
2018,YA,YA
2019,RA,GA
2020,PANGWISAD,Caruk
2021,YA,HYA
2022,NDA,N
2023,N,RA
2024,MA,MA
2025,MA,SA
2026,PANELENG,PANEULEUNG
2027,KOMA,KOMA
2028,NGA,PANELENG
2029,RA,PAMAEH
2030,PANYUKU,PAMAEH
2031,YA,SYA
2032,KOMA,KOMA
2033,PANEULEUNG,PANGHULU
2034,PAMAEH,PAMAEH
2035,GA,GA
2036,PANELENG,PANELENG
2037,PAMAEH,DA
2038,DA,JA
2039,GA,A
2040,BA,GA
2041,NGA,NGA
2042,PANEULEUNG,PANGHULU
2043,BA,mpa
2044,NGA,DA
2045,A,A
2046,N,RA
2047,SA,PANELENG
2048,GA,TA
2049,PANGWISAD,PANGWISAD
2050,JA,RO
2051,I,LE
2052,BA,PANELENG
2053,RA,WA
2054,PANEULEUNG,PANGHULU
2055,PANGWISAD,PANGHULU
2056,PANELENG,U
2057,GA,GA
2058,I,I
2059,PANGWISAD,PANGWISAD
2060,MA,MA
2061,JA,PANELENG
2062,WA,WA
2063,PANYECEK,PANYECEK
2064,BA,BA
2065,MA,WA
2066,PANYECEK,PANYECEK
2067,PANEULEUNG,PANEULEUNG
2068,BA,BA
2069,PANYECEK,PANYECEK
2070,MA,RA
2071,WA,WA
2072,PANOLONG,PANOLONG
2073,BA,LA
2074,MA,MA
2075,KA,GA
2076,KOMA,KOMA
2077,BA,BA
2078,A,A
2079,NDA,RYA
2080,DA,DA
2081,PANGWISAD,PANGHULU
2082,PANYUKU,PANYUKU
2083,PANGLAYAR,A
2084,GA,GA
2085,BA,BA
2086,CA,CA
2087,PANYECEK,PANYECEK
2088,MA,MA
2089,PANGWISAD,PANGWISAD
2090,PANGWISAD,PANGHULU
2091,KOMA,KOMA
2092,A,A
2093,mpa,HYA
2094,KA,KA
2095,NYCA,NYCA
2096,PANGWISAD,PANGHULU
2097,GA,GA
2098,A,GA
2099,KA,KA
2100,PANOLONG,PANOLONG
2101,NGA,PAMAEH
2102,N,N
2103,GA,GA
2104,BA,I
2105,E,PANELENG
2106,PANYECEK,PANYECEK
2107,PA,PA
2108,PANOLONG,PANOLONG
2109,PAMAEH,PAMAEH
2110,PAMAEH,PAMAEH
2111,A,A
2112,PANYECEK,KOMA
2113,PANELENG,PANELENG
2114,PANYECEK,PANYECEK
2115,HA,HA
2116,NGA,LA
2117,PA,LA
2118,PANYECEK,PANYECEK
2119,KA,GA
2120,PA,SA
2121,HA,HA
2122,N,eu
2123,KA,KA
2124,YA,TA
2125,TA,TA
2126,GA,GA
2127,BA,BA
2128,PANELENG,BA
2129,MA,JA
2130,PANELENG,PANELENG
2131,A,mba
2132,PANYECEK,PANYECEK
2133,PAMAEH,RA
2134,I,PANELENG
2135,NGA,DA
2136,KA,K
2137,SA,NYA
2138,KOMA,PANEULEUNG
2139,PANYECEK,PANGHULU
2140,BA,LA
2141,NDA,NDA
2142,PANGWISAD,PANGWISAD
2143,JA,JA
2144,PANYECEK,PANYUKU
2145,DA,DA
2146,SA,SA
2147,BA,BA
2148,BA,HA
2149,E,WA
2150,TA,TA
2151,PANGWISAD,PANGHULU
2152,PA,PANELENG
2153,MA,MA
2154,RA,RA
2155,HA,HA
2156,PANYECEK,PAMAEH
2157,PAMAEH,PAMAEH
2158,N,PAMEPET
2159,DA,WA
2160,NGA,LA
2161,GA,KA
2162,PANGWISAD,WA
2163,N,RA
2164,KOMA,KOMA
2165,PAMAEH,Caruk
2166,PANELENG,PANEULEUNG
2167,LE,I
2168,TA,TA
2169,RA,PANYAKRA
2170,A,A
2171,PRA,CA
2172,U,U
2173,NGA,DA
2174,BA,BA
2175,PANGLAYAR,PANGLAYAR
2176,TA,TA
2177,KOMA,KOMA
2178,U,PANELENG
2179,PANEULEUNG,PANEULEUNG
2180,PANGWISAD,PANGHULU
2181,SA,SA
2182,LA,JA
2183,PAMAEH,PAMAEH
2184,PANEULEUNG,PANEULEUNG
2185,BA,BA
2186,LA,LA
2187,NYCA,NYCA
2188,BA,BA
2189,PANGHULU,PANYUKU
2190,PANGWISAD,PA
2191,PANGWISAD,PANELENG
2192,PAMAEH,PAMAEH
2193,PANELENG,PANOLONG
2194,PANGWISAD,PA
2195,KSA,A
2196,mba,DYA
2197,mpa,MA
2198,PA,PA
2199,JA,JA
2200,KOMA,KOMA
2201,DA,DA
2202,PANGWISAD,PANYUKU
2203,K,SA
2204,NDA,NDA
2205,PANELENG,PANEULEUNG
2206,PANELENG,PANELENG
2207,NGA,N
2208,PRA,PANYAKRA
2209,KA,KA
2210,A,A
2211,BA,HA
2212,PAMAEH,A
2213,KA,TA
2214,N,U
2215,mba,mba
2216,BA,BA
2217,BA,MA
2218,PANGWISAD,PANGWISAD
2219,RA,RA
2220,A,GA
2221,DA,JA
2222,MA,MA
2223,PANEULEUNG,PANEULEUNG
2224,PA,PANELENG
2225,JA,JA
2226,KOMA,PANGHULU
2227,U,U
2228,LE,I
2229,PANYECEK,PANYECEK
2230,A,E
2231,KA,GA
2232,N,N
2233,PANELENG,PANELENG
2234,MA,MA
2235,DA,DA
2236,K,GA
2237,DA,DA
2238,HA,HA
2239,BA,HA
2240,PAMAEH,Caruk
2241,PANELENG,RA
2242,BA,MA
2243,NYA,NYA
2244,YA,YA
2245,SA,SA
2246,A,A
2247,GA,KA
2248,PANELENG,PANEULEUNG
2249,PANELENG,Caruk
2250,KA,KA
2251,PANGWISAD,PANGWISAD
2252,A,A
2253,PANGLAYAR,PANGLAYAR
2254,BA,HA
2255,PRA,mba
2256,BA,BA
2257,BA,TA
2258,YA,YA
2259,MA,HA
2260,PA,PA
2261,PANGLAYAR,DA
2262,K,RE
2263,BA,PA
2264,PANELENG,RA
2265,PANYECEK,KOMA
2266,mba,mba
2267,PANEULEUNG,PANEULEUNG
2268,MA,MA
2269,PANEULEUNG,PA
2270,PANELENG,PANELENG
2271,MA,MA
2272,SA,SA
2273,PANEULEUNG,PANEULEUNG
2274,MA,TA
2275,RA,JA
2276,GA,GA
2277,SA,SA
2278,DA,RA
2279,PANYECEK,PANYUKU
2280,JA,WA
2281,PANYUKU,PANYUKU
2282,KA,KA
2283,DA,DA
2284,SA,GA
2285,PANGLAYAR,PAMEPET
2286,PANYECEK,PANYUKU
2287,TA,KA
2288,MA,MA
2289,PAMAEH,PAMAEH
2290,MA,MA
2291,NGA,PANELENG
2292,PANYECEK,PANYUKU
2293,BA,LA
2294,KOMA,KOMA
2295,PANGWISAD,PANGHULU
2296,PANYECEK,PANYECEK
2297,KA,K
2298,PANYUKU,PANYUKU
2299,KOMA,PANGWISAD
2300,DA,DA
2301,PA,RA
2302,PANELENG,NGA
2303,N,N
2304,MA,MA
2305,TA,YA
2306,PANYECEK,PANYECEK
2307,mba,NYCA
2308,LA,O
2309,PANEULEUNG,PANGHULU
2310,KOMA,KOMA
2311,PA,SA
2312,GA,KA
2313,GA,KA
2314,PA,PA
2315,U,U
2316,BA,WA
2317,K,K
2318,PANOLONG,PAMAEH
2319,BA,NYA
2320,NGA,TA
2321,PANEULEUNG,PAMAEH
2322,BA,BA
2323,GA,GA
2324,PANYECEK,PANYUKU
2325,MA,MA
2326,PA,PA
2327,MA,I
2328,JA,WA
2329,PANGLAYAR,PANGLAYAR
2330,MA,CA
2331,MA,HA
2332,BA,BA
2333,eu,A
2334,YA,GA
2335,NYCA,NYJA
2336,HA,HA
2337,HA,HA
2338,PANEULEUNG,PANEULEUNG
2339,DA,WA
2340,BA,BA
2341,MA,MA
2342,A,A
2343,HA,WA
2344,TA,KA
2345,GA,GA
2346,DA,PANOLONG
2347,PANGWISAD,PANGHULU
2348,PANELENG,PANELENG
2349,PANGWISAD,PANGHULU
2350,NDA,NDA
2351,PANGWISAD,PANGWISAD
2352,PA,PA
2353,YA,TA
2354,PANOLONG,PANOLONG
2355,PANELENG,PANEULEUNG
2356,RA,RA
2357,BA,BA
2358,NGA,NGA
2359,PANGWISAD,PANGWISAD
2360,BA,BA
2361,GA,GA
2362,PANELENG,PANELENG
2363,PA,PA
2364,PANGLAYAR,pasangan-wa
2365,NGA,GA
2366,WA,WA
2367,A,kka
2368,NGA,NGA
2369,PANGWISAD,PANGWISAD
2370,MA,NGA
2371,PANEULEUNG,PA
2372,PAMAEH,CA
2373,RA,KA
2374,MA,SA
2375,PANELENG,PANELENG
2376,PA,PA
2377,GA,KA
2378,PA,GA
2379,MA,MA
2380,mpa,NGA
2381,BA,LA
2382,YA,TA
2383,U,U
2384,PANGLAYAR,NGA
2385,YA,YA
2386,N,E
2387,NDA,PRA
2388,TA,TA
2389,BA,BA
2390,mpa,mpa
2391,YA,PA
2392,KOMA,PANYUKU
2393,PANYECEK,KOMA
2394,PANELENG,PANEULEUNG
2395,BA,BA
2396,MA,I
2397,PAMAEH,WA
2398,DA,PANELENG
2399,BA,HA
2400,mpa,HYA
2401,JA,JA
2402,MA,KA
2403,A,A
2404,PANYECEK,PANYECEK
2405,PANYECEK,PANYECEK
2406,PANYECEK,PANYECEK
2407,N,U
2408,RA,RA
2409,PANEULEUNG,PANEULEUNG
2410,BA,BA
2411,PANYECEK,PANYECEK
2412,DA,DA
2413,N,N
2414,GA,KA
2415,MA,HA
2416,I,LA
2417,LA,LA
2418,NGA,NGA
2419,PA,SA
2420,PAMAEH,PAMAEH
2421,GA,TA
2422,KOMA,KOMA
2423,JA,JA
2424,SA,YA
2425,MA,MA
2426,PANGLAYAR,PANGLAYAR
2427,BA,SA
2428,KA,K
2429,PANYECEK,PANYUKU
2430,K,eu
2431,DA,DA
2432,PANELENG,PANELENG
2433,BA,BA
2434,MA,MA
2435,TA,LA
2436,PANGWISAD,PANGHULU
2437,DA,WA
2438,PANGWISAD,CA
2439,KOMA,KOMA
2440,JA,MA
2441,PANGWISAD,KOMA
2442,GA,KA
2443,PA,PA
2444,mba,LE
2445,N,U
2446,GA,SA
2447,PANYECEK,PANYECEK
2448,A,A
2449,eu,GA
2450,NGA,LA
2451,SA,SA
2452,PANGLAYAR,PANEULEUNG
2453,NGA,TA
2454,PA,PA
2455,KOMA,KOMA
2456,PANGWISAD,PA
2457,RA,RA
2458,MA,WA
2459,PANOLONG,PANOLONG
2460,KA,TA
2461,PANYECEK,PANYECEK
2462,KOMA,KOMA
2463,PANYECEK,PANYECEK
2464,PA,PA
2465,A,A
2466,KOMA,KOMA
2467,PANELENG,PANYUKU
2468,NGA,CA
2469,PANELENG,N
2470,RA,PAMAEH
2471,K,WA
2472,RA,RA
2473,PANGLAYAR,PANGLAYAR
2474,PA,PA
2475,SA,SA
2476,PA,PA
2477,NGA,NGA
2478,PANGLAYAR,PANYECEK
2479,PANYECEK,PANYECEK
2480,PANOLONG,PANOLONG
2481,MA,GA
2482,PAMAEH,Caruk
2483,A,A
2484,DA,JA
2485,NGA,RE
2486,I,LA
2487,KOMA,KOMA
2488,YA,YA
2489,KOMA,KOMA
2490,N,U
2491,LE,NYCA
2492,CA,PRA
2493,PAMAEH,PAMAEH
2494,N,N
2495,BA,NYA
2496,PAMAEH,PAMAEH
2497,PANYECEK,PANYUKU
2498,PAMAEH,PANYECEK
2499,PANYECEK,PANYUKU
2500,I,I
2501,YA,YA
2502,PANELENG,RA
2503,PANELENG,PANELENG
2504,PANGWISAD,WA
2505,RA,LA
2506,NGA,E
2507,U,U
2508,KOMA,KOMA
2509,YA,YA
2510,RA,RA
2511,GA,SA
2512,PA,HA
2513,MA,MA
2514,PAMAEH,PAMAEH
2515,KA,KA
2516,PA,PA
2517,PANGLAYAR,PANGLAYAR
2518,JA,JA
2519,CA,CA
2520,PANEULEUNG,PANGHULU
2521,NYA,TA
2522,BA,BA
2523,A,A
2524,PANGWISAD,PANGHULU
2525,PA,PA
2526,A,A
2527,JA,DA
2528,PAMAEH,PANOLONG
2529,JA,JA
2530,NYA,NYA
2531,KOMA,KOMA
2532,JA,JA
2533,CA,CA
2534,PANYECEK,PANGWISAD
2535,LA,LA
2536,BA,KSA
2537,GA,KA
2538,TA,BA
2539,DA,DA
2540,BA,BA
2541,A,A
2542,N,N
2543,PANYECEK,PANYECEK
2544,BA,HA
2545,GA,KA
2546,GA,GA
2547,PANEULEUNG,PANEULEUNG
2548,PANOLONG,PANOLONG
2549,CA,CA
2550,KA,KA
2551,HA,I
2552,BA,CA
2553,NGA,SA
2554,RE,RE
2555,PA,SA
2556,K,KA
2557,RA,RA
2558,BA,LA
2559,LA,LA
2560,YA,TA
2561,eu,kka
2562,DA,DA
2563,RA,Caruk
2564,YA,BA
2565,PANGLAYAR,PANGLAYAR
2566,DA,DA
2567,PANYECEK,PANYUKU
2568,SA,SA
2569,GA,KA
2570,PANGWISAD,PA
2571,N,N
2572,DA,DA
2573,N,U
2574,PANYECEK,PANYECEK
2575,BA,I
2576,KSA,SA
2577,SA,SA
2578,KOMA,KOMA
2579,PANGLAYAR,PANGLAYAR
2580,PA,BA
2581,BA,BA
2582,PANGLAYAR,LA
2583,PANEULEUNG,PANEULEUNG
2584,RA,RA
2585,PANELENG,PANOLONG
2586,TA,TA
2587,PAMAEH,PAMAEH
2588,YA,YA
2589,PA,PA
2590,DA,DA
2591,PANELENG,RA
2592,N,PRA
2593,KOMA,KOMA
2594,PANELENG,PANEULEUNG
2595,mpa,mpa
2596,KOMA,KOMA
2597,PANGWISAD,PANGWISAD
2598,U,U
2599,RA,PAMAEH
2600,DA,DA
2601,PANYUKU,KOMA
2602,KA,BA
2603,MA,MA
2604,KOMA,KOMA
2605,PAMAEH,N
2606,BA,HA
2607,SA,SA
2608,PANYECEK,PANYECEK
2609,BA,NYA
2610,PA,PA
2611,A,A
2612,I,I
2613,LA,NGA
2614,mba,TYA
2615,PANGWISAD,PANGWISAD
2616,KOMA,KOMA
2617,PRA,PRA
2618,PANGWISAD,PANGWISAD
2619,LA,LA
2620,PANYUKU,PANYUKU
2621,PAMAEH,PAMAEH
2622,GA,GA
2623,SA,SA
2624,PAMAEH,Caruk
2625,KOMA,KOMA
2626,U,LE
2627,JA,DA
2628,PRA,PRA
2629,RA,RA
2630,MA,HA
2631,KOMA,KOMA
2632,PANYUKU,PANYUKU
2633,BA,LA
2634,MA,MA
2635,BA,LA
2636,PANYECEK,PANYECEK
2637,RA,RA
2638,JA,JA
2639,WA,WA
2640,PANELENG,CA
2641,A,PAMAEH
2642,A,A
2643,PAMAEH,PAMAEH
2644,SA,SA
2645,SA,SA
2646,KOMA,KOMA
2647,PANEULEUNG,PANGHULU
2648,PANOLONG,PANOLONG
2649,PAMAEH,PAMAEH
2650,A,KSA
2651,PAMAEH,GA
2652,SA,SA
2653,KOMA,KOMA
2654,PANELENG,PANEULEUNG
2655,eu,eu
2656,YA,YA
2657,SA,NGA
2658,GA,KA
2659,K,KA
2660,PANELENG,PANELENG
2661,PA,SA
2662,PANGWISAD,PANGWISAD
2663,DA,DA
2664,PANGWISAD,PANGWISAD
2665,PANYECEK,PANYECEK
2666,JA,JA
2667,K,I
2668,GA,GA
2669,MA,WA
2670,MA,MA
2671,PANGWISAD,PANGWISAD
2672,HA,HA
2673,A,A
2674,DA,DA
2675,BA,NYA
2676,PANGLAYAR,PANOLONG
2677,I,I
2678,DA,PANGLAYAR
2679,N,N
2680,BA,BA
2681,I,I
2682,GA,KA
2683,PANELENG,PANGHULU
2684,K,K
2685,MA,MA
2686,PAMAEH,PAMAEH
2687,HA,HA
2688,mba,mba
2689,PANEULEUNG,PANGHULU
2690,KOMA,KOMA
2691,SA,SA
2692,PANGWISAD,PANGWISAD
2693,U,U
2694,KA,LA
2695,KA,A
2696,PAMAEH,PANELENG
2697,RA,PANELENG
2698,MA,MA
2699,PANELENG,PANELENG
2700,KA,KA
2701,PA,KOMA
2702,PAMAEH,NDA
2703,PANGLAYAR,PANGLAYAR
2704,LA,A
2705,SA,NGA
2706,SA,KA
2707,TA,TA
2708,DA,WA
2709,DA,DA
2710,PANGWISAD,PANGWISAD
2711,SA,HA
2712,GA,GA
2713,A,JA
2714,PA,PA
2715,PA,PA
2716,BA,BA
2717,PANELENG,LE
